date,occupied_km2,source
2024-07-08,109360.869,deepstate-archive
2024-07-09,109365.862,deepstate-archive
2024-07-10,109368.745,deepstate-archive
2024-07-11,109370.081,deepstate-archive
2024-07-12,109372.833,deepstate-archive
2024-07-13,109381.950,deepstate-archive
2024-07-14,109389.021,deepstate-archive
2024-07-15,109392.504,deepstate-archive
2024-07-16,109393.187,deepstate-archive
2024-07-17,109394.297,deepstate-archive
2024-07-18,109397.256,deepstate-archive
2024-07-19,109408.548,deepstate-archive
2024-07-20,109410.644,deepstate-archive
2024-07-21,109416.123,deepstate-archive
2024-07-22,109425.369,deepstate-archive
2024-07-23,109432.489,deepstate-archive
2024-07-24,109438.098,deepstate-archive
2024-07-25,109439.582,deepstate-archive
2024-07-26,109448.394,deepstate-archive
2024-07-27,109454.884,deepstate-archive
2024-07-28,109464.879,deepstate-archive
2024-07-29,109467.737,deepstate-archive
2024-07-30,109481.592,deepstate-archive
2024-07-31,109488.859,deepstate-archive
2024-08-01,109495.155,deepstate-archive
2024-08-02,109503.010,deepstate-archive
2024-08-03,109503.271,deepstate-archive
2024-08-04,109504.673,deepstate-archive
2024-08-05,109514.610,deepstate-archive
2024-08-06,109527.075,deepstate-archive
2024-08-07,109531.895,deepstate-archive
2024-08-08,109552.371,deepstate-archive
2024-08-09,109552.371,deepstate-archive
2024-08-10,109556.969,deepstate-archive
2024-08-11,109579.592,deepstate-archive
2024-08-12,109593.330,deepstate-archive
2024-08-13,109593.330,deepstate-archive
2024-08-14,109611.589,deepstate-archive
2024-08-15,109627.562,deepstate-archive
2024-08-16,109634.701,deepstate-archive
2024-08-17,109636.249,deepstate-archive
2024-08-20,109689.539,deepstate-archive
2024-08-21,109696.431,deepstate-archive
2024-08-22,109713.636,deepstate-archive
2024-08-23,109713.383,deepstate-archive
2024-08-24,109713.841,deepstate-archive
2024-08-25,109732.149,deepstate-archive
2024-08-26,109745.221,deepstate-archive
2024-08-27,109772.971,deepstate-archive
2024-08-28,109786.399,deepstate-archive
2024-08-29,109806.568,deepstate-archive
2024-08-30,109813.011,deepstate-archive
2024-08-31,109839.956,deepstate-archive
2024-09-01,109858.645,deepstate-archive
2024-09-02,109863.119,deepstate-archive
2024-09-03,109881.889,deepstate-archive
2024-09-04,109893.628,deepstate-archive
2024-09-05,109907.596,deepstate-archive
2024-09-06,109923.212,deepstate-archive
2024-09-07,109931.699,deepstate-archive
2024-09-08,109940.032,deepstate-archive
2024-09-09,109944.988,deepstate-archive
2024-09-10,109950.770,deepstate-archive
2024-09-11,109959.334,deepstate-archive
2024-09-12,110000.851,deepstate-archive
2024-09-13,110015.094,deepstate-archive
2024-09-14,110015.089,deepstate-archive
2024-09-15,110039.220,deepstate-archive
2024-09-16,110054.461,deepstate-archive
2024-09-17,110078.727,deepstate-archive
2024-09-18,110083.201,deepstate-archive
2024-09-19,110086.499,deepstate-archive
2024-09-20,110096.592,deepstate-archive
2024-09-21,110103.877,deepstate-archive
2024-09-22,110140.867,deepstate-archive
2024-09-23,110175.883,deepstate-archive
2024-09-24,110175.883,deepstate-archive
2024-09-25,110210.750,deepstate-archive
2024-09-26,110220.959,deepstate-archive
2024-09-27,110230.664,deepstate-archive
2024-09-28,110237.423,deepstate-archive
2024-09-29,110241.449,deepstate-archive
2024-09-30,110246.498,deepstate-archive
2024-10-01,110255.871,deepstate-archive
2024-10-02,110270.056,deepstate-archive
2024-10-03,110270.056,deepstate-archive
2024-10-04,110284.036,deepstate-archive
2024-10-05,110313.917,deepstate-archive
2024-10-06,110321.038,deepstate-archive
2024-10-07,110329.852,deepstate-archive
2024-10-08,110336.794,deepstate-archive
2024-10-09,110336.794,deepstate-archive
2024-10-10,110362.721,deepstate-archive
2024-10-11,110369.041,deepstate-archive
2024-10-12,110374.539,deepstate-archive
2024-10-13,110380.582,deepstate-archive
2024-10-14,110390.635,deepstate-archive
2024-10-15,110408.287,deepstate-archive
2024-10-16,110414.691,deepstate-archive
2024-10-17,110420.090,deepstate-archive
2024-10-18,110423.230,deepstate-archive
2024-10-19,110430.723,deepstate-archive
2024-10-20,110457.683,deepstate-archive
2024-10-21,110465.764,deepstate-archive
2024-10-22,110474.855,deepstate-archive
2024-10-23,110509.260,deepstate-archive
2024-10-24,110529.073,deepstate-archive
2024-10-25,110542.142,deepstate-archive
2024-10-26,110564.442,deepstate-archive
2024-10-27,110615.604,deepstate-archive
2024-10-28,110661.995,deepstate-archive
2024-10-29,110677.247,deepstate-archive
2024-10-30,110688.651,deepstate-archive
2024-10-31,110725.724,deepstate-archive
2024-11-01,110758.663,deepstate-archive
2024-11-02,110789.106,deepstate-archive
2024-11-03,110816.401,deepstate-archive
2024-11-04,110828.310,deepstate-archive
2024-11-05,110849.669,deepstate-archive
2024-11-06,110865.442,deepstate-archive
2024-11-07,110884.295,deepstate-archive
2024-11-08,110895.039,deepstate-archive
2024-11-09,110936.710,deepstate-archive
2024-11-10,110974.063,deepstate-archive
2024-11-11,110990.845,deepstate-archive
2024-11-12,111015.144,deepstate-archive
2024-11-13,111026.702,deepstate-archive
2024-11-14,111040.396,deepstate-archive
2024-11-15,111054.682,deepstate-archive
2024-11-16,111112.299,deepstate-archive
2024-11-17,111114.978,deepstate-archive
2024-11-18,111116.572,deepstate-archive
2024-11-19,111124.476,deepstate-archive
2024-11-20,111143.142,deepstate-archive
2024-11-21,111162.359,deepstate-archive
2024-11-22,111193.251,deepstate-archive
2024-11-23,111255.283,deepstate-archive
2024-11-24,111301.675,deepstate-archive
2024-11-25,111351.591,deepstate-archive
2024-11-26,111360.521,deepstate-archive
2024-11-27,111387.198,deepstate-archive
2024-11-28,111389.173,deepstate-archive
2024-11-29,111403.829,deepstate-archive
2024-11-30,111442.186,deepstate-archive
2024-12-01,111484.567,deepstate-archive
2024-12-02,111496.408,deepstate-archive
2024-12-03,111506.399,deepstate-archive
2024-12-04,111535.797,deepstate-archive
2024-12-05,111552.736,deepstate-archive
2024-12-06,111559.315,deepstate-archive
2024-12-07,111566.187,deepstate-archive
2024-12-08,111578.524,deepstate-archive
2024-12-09,111586.954,deepstate-archive
2024-12-10,111622.163,deepstate-archive
2024-12-11,111622.163,deepstate-archive
2024-12-12,111630.544,deepstate-archive
2024-12-13,111639.335,deepstate-archive
2024-12-14,111674.982,deepstate-archive
2024-12-15,111696.881,deepstate-archive
2024-12-16,111705.683,deepstate-archive
2024-12-17,111718.232,deepstate-archive
2024-12-18,111726.547,deepstate-archive
2024-12-19,111754.988,deepstate-archive
2024-12-20,111763.610,deepstate-archive
2024-12-21,111763.610,deepstate-archive
2024-12-22,111763.610,deepstate-archive
2024-12-23,111766.051,deepstate-archive
2024-12-24,111766.051,deepstate-archive
2024-12-25,111820.662,deepstate-archive
2024-12-26,111827.644,deepstate-archive
2024-12-27,111841.295,deepstate-archive
2024-12-28,111841.295,deepstate-archive
2024-12-29,111850.957,deepstate-archive
2024-12-30,111857.602,deepstate-archive
2024-12-31,111872.118,deepstate-archive
2025-01-02,111885.559,deepstate-archive
2025-01-03,111885.559,deepstate-archive
2025-01-04,111895.777,deepstate-archive
2025-01-05,111907.201,deepstate-archive
2025-01-06,111912.576,deepstate-archive
2025-01-07,111925.601,deepstate-archive
2025-01-08,111938.138,deepstate-archive
2025-01-09,111953.208,deepstate-archive
2025-01-10,111963.044,deepstate-archive
2025-01-11,111968.923,deepstate-archive
2025-01-12,111978.602,deepstate-archive
2025-01-13,111992.098,deepstate-archive
2025-01-14,112001.258,deepstate-archive
2025-01-15,112011.270,deepstate-archive
2025-01-16,112031.351,deepstate-archive
2025-01-17,112044.024,deepstate-archive
2025-01-18,112053.116,deepstate-archive
2025-01-19,112063.163,deepstate-archive
2025-01-20,112072.362,deepstate-archive
2025-01-21,112085.432,deepstate-archive
2025-01-22,112102.806,deepstate-archive
2025-01-23,112119.039,deepstate-archive
2025-01-24,112138.857,deepstate-archive
2025-01-25,112143.712,deepstate-archive
2025-01-26,112152.950,deepstate-archive
2025-01-27,112154.971,deepstate-archive
2025-01-28,112165.744,deepstate-archive
2025-01-29,112170.039,deepstate-archive
2025-01-30,112188.567,deepstate-archive
2025-01-31,112192.639,deepstate-archive
2025-02-01,112204.280,deepstate-archive
2025-02-02,112206.766,deepstate-archive
2025-02-03,112211.592,deepstate-archive
2025-02-04,112214.409,deepstate-archive
2025-02-05,112222.155,deepstate-archive
2025-02-06,112222.642,deepstate-archive
2025-02-07,112222.903,deepstate-archive
2025-02-08,112230.265,deepstate-archive
2025-02-09,112230.918,deepstate-archive
2025-02-10,112230.918,deepstate-archive
2025-02-11,112231.109,deepstate-archive
2025-02-12,112239.364,deepstate-archive
2025-02-13,112249.075,deepstate-archive
2025-02-14,112268.703,deepstate-archive
2025-02-15,112269.922,deepstate-archive
2025-02-16,112281.258,deepstate-archive
2025-02-17,112281.258,deepstate-archive
2025-02-18,112297.658,deepstate-archive
2025-02-19,112297.658,deepstate-archive
2025-02-20,112328.353,deepstate-archive
2025-02-21,112361.012,deepstate-archive
2025-02-22,112362.061,deepstate-archive
2025-02-23,112362.061,deepstate-archive
2025-02-24,112383.007,deepstate-archive
2025-02-25,112383.007,deepstate-archive
2025-02-26,112388.883,deepstate-archive
2025-02-27,112390.191,deepstate-archive
2025-02-28,112396.114,deepstate-archive
2025-03-01,112396.114,deepstate-archive
2025-03-02,112396.114,deepstate-archive
2025-03-03,112409.049,deepstate-archive
2025-03-04,112411.099,deepstate-archive
2025-03-05,112407.908,deepstate-archive
2025-03-06,112407.908,deepstate-archive
2025-03-07,112410.638,deepstate-archive
2025-03-08,112410.638,deepstate-archive
2025-03-09,112410.638,deepstate-archive
2025-03-10,112410.638,deepstate-archive
2025-03-11,112409.514,deepstate-archive
2025-03-12,112407.499,deepstate-archive
2025-03-13,112415.290,deepstate-archive
2025-03-14,112420.759,deepstate-archive
2025-03-15,112426.429,deepstate-archive
2025-03-16,112431.946,deepstate-archive
2025-03-17,112433.163,deepstate-archive
2025-03-18,112448.526,deepstate-archive
2025-03-19,112458.133,deepstate-archive
2025-03-20,112465.170,deepstate-archive
2025-03-21,112466.217,deepstate-archive
2025-03-22,112479.750,deepstate-archive
2025-03-23,112479.750,deepstate-archive
2025-03-24,112480.664,deepstate-archive
2025-03-25,112492.969,deepstate-archive
2025-03-26,112503.186,deepstate-archive
2025-03-27,112507.041,deepstate-archive
2025-03-28,112514.397,deepstate-archive
2025-03-29,112514.397,deepstate-archive
2025-03-30,112514.753,deepstate-archive
2025-04-02,112531.814,deepstate-archive
2025-04-03,112531.814,deepstate-archive
2025-04-04,112536.107,deepstate-archive
2025-04-05,112537.023,deepstate-archive
2025-04-06,112546.058,deepstate-archive
2025-04-07,112551.602,deepstate-archive
2025-04-08,112556.072,deepstate-archive
2025-04-09,112556.072,deepstate-archive
2025-04-10,112579.982,deepstate-archive
2025-04-11,112595.076,deepstate-archive
2025-04-12,112604.887,deepstate-archive
2025-04-13,112612.452,deepstate-archive
2025-04-14,112618.452,deepstate-archive
2025-04-15,112626.977,deepstate-archive
2025-04-16,112628.150,deepstate-archive
2025-04-17,112631.117,deepstate-archive
2025-04-18,112639.162,deepstate-archive
2025-04-19,112644.395,deepstate-archive
2025-04-20,112657.326,deepstate-archive
2025-04-21,112666.690,deepstate-archive
2025-04-22,112666.416,deepstate-archive
2025-04-23,112677.715,deepstate-archive
2025-04-24,112682.365,deepstate-archive
2025-04-25,112688.286,deepstate-archive
2025-04-26,112693.495,deepstate-archive
2025-04-27,112693.495,deepstate-archive
2025-04-28,112695.401,deepstate-archive
2025-04-29,112695.397,deepstate-archive
2025-04-30,112707.404,deepstate-archive
2025-05-01,112716.364,deepstate-archive
2025-05-02,112716.364,deepstate-archive
2025-05-03,112724.176,deepstate-archive
2025-05-04,112735.307,deepstate-archive
2025-05-05,112749.330,deepstate-archive
2025-05-06,112760.581,deepstate-archive
2025-05-07,112765.842,deepstate-archive
2025-05-08,112773.683,deepstate-archive
2025-05-09,112773.683,deepstate-archive
2025-05-10,112780.460,deepstate-archive
2025-05-11,112786.821,deepstate-archive
2025-05-12,112794.558,deepstate-archive
2025-05-13,112796.601,deepstate-archive
2025-05-14,112806.993,deepstate-archive
2025-05-15,112806.993,deepstate-archive
2025-05-16,112816.393,deepstate-archive
2025-05-17,112825.858,deepstate-archive
2025-05-18,112833.160,deepstate-archive
2025-05-19,112848.383,deepstate-archive
2025-05-20,112863.273,deepstate-archive
2025-05-21,112883.444,deepstate-archive
2025-05-22,112901.159,deepstate-archive
2025-05-23,112912.929,deepstate-archive
2025-05-24,112919.714,deepstate-archive
2025-05-25,113005.705,deepstate-archive
2025-05-26,113026.363,deepstate-archive
2025-05-27,113051.047,deepstate-archive
2025-05-28,113060.081,deepstate-archive
2025-05-29,113092.301,deepstate-archive
2025-05-30,113120.666,deepstate-archive
2025-05-31,113126.663,deepstate-archive
2025-06-01,113156.701,deepstate-archive
2025-06-02,113156.701,deepstate-archive
2025-06-03,113201.581,deepstate-archive
2025-06-04,113243.356,deepstate-archive
2025-06-05,113243.356,deepstate-archive
2025-06-06,113256.839,deepstate-archive
2025-06-07,113315.977,deepstate-archive
2025-06-08,113323.929,deepstate-archive
2025-06-09,113323.929,deepstate-archive
2025-06-10,113331.297,deepstate-archive
2025-06-11,113376.987,deepstate-archive
2025-06-12,113376.987,deepstate-archive
2025-06-13,113395.846,deepstate-archive
2025-06-14,113395.846,deepstate-archive
2025-06-15,113433.459,deepstate-archive
2025-06-16,113438.090,deepstate-archive
2025-06-17,113445.913,deepstate-archive
2025-06-18,113467.738,deepstate-archive
2025-06-19,113467.738,deepstate-archive
2025-06-20,113482.063,deepstate-archive
2025-06-21,113516.209,deepstate-archive
2025-06-22,113545.287,deepstate-archive
2025-06-23,113545.874,deepstate-archive
2025-06-24,113555.602,deepstate-archive
2025-06-25,113586.465,deepstate-archive
2025-06-26,113606.822,deepstate-archive
2025-06-27,113621.008,deepstate-archive
2025-06-28,113638.825,deepstate-archive
2025-06-29,113638.825,deepstate-archive
2025-06-30,113639.701,deepstate-archive
2025-07-01,113654.421,deepstate-archive
2025-07-02,113713.224,deepstate-archive
2025-07-03,113724.513,deepstate-archive
2025-07-04,113816.262,deepstate-archive
2025-07-05,113816.262,deepstate-archive
2025-07-06,113847.603,deepstate-archive
2025-07-07,113876.429,deepstate-archive
2025-07-08,113890.729,deepstate-archive
2025-07-09,113890.729,deepstate-archive
2025-07-10,113938.990,deepstate-archive
2025-07-11,113952.653,deepstate-archive
2025-07-12,113968.370,deepstate-archive
2025-07-13,113986.098,deepstate-archive
2025-07-14,114034.800,deepstate-archive
2025-07-15,114052.409,deepstate-archive
2025-07-16,114067.116,deepstate-archive
2025-07-17,114076.060,deepstate-archive
2025-07-18,114076.060,deepstate-archive
2025-07-19,114093.435,deepstate-archive
2025-07-20,114113.473,deepstate-archive
2025-07-21,114127.004,deepstate-archive
2025-07-22,114127.004,deepstate-archive
2025-07-23,114170.260,deepstate-archive
2025-07-24,114185.192,deepstate-archive
2025-07-25,114185.192,deepstate-archive
2025-07-26,114204.948,deepstate-archive
2025-07-27,114212.872,deepstate-archive
2025-07-28,114223.466,deepstate-archive
2025-07-29,114228.101,deepstate-archive
2025-07-30,114241.053,deepstate-archive
2025-07-31,114241.053,deepstate-archive
2025-08-01,114261.577,deepstate-archive
2025-08-02,114277.387,deepstate-archive
2025-08-03,114286.939,deepstate-archive
2025-08-04,114306.435,deepstate-archive
2025-08-05,114339.312,deepstate-archive
2025-08-06,114339.312,deepstate-archive
2025-08-07,114367.642,deepstate-archive
2025-08-08,114392.397,deepstate-archive
2025-08-09,114436.596,deepstate-archive
2025-08-10,114436.596,deepstate-archive
2025-08-11,114447.784,deepstate-archive
2025-08-12,114495.194,deepstate-archive
2025-08-13,114502.718,deepstate-archive
2025-08-14,114502.718,deepstate-archive
2025-08-15,114515.480,deepstate-archive
2025-08-16,114519.631,deepstate-archive
2025-08-17,114540.681,deepstate-archive
2025-08-18,114544.624,deepstate-archive
2025-08-19,114559.843,deepstate-archive
2025-08-20,114578.017,deepstate-archive
2025-08-21,114611.140,deepstate-archive
2025-08-22,114632.192,deepstate-archive
2025-08-23,114632.192,deepstate-archive
2025-08-24,114664.757,deepstate-archive
2025-08-25,114664.757,deepstate-archive
2025-08-26,114665.044,deepstate-archive
2025-08-27,114692.379,deepstate-archive
2025-08-28,114702.301,deepstate-archive
2025-08-29,114711.808,deepstate-archive
2025-08-30,114723.416,deepstate-archive
2025-08-31,114724.923,deepstate-archive
2025-09-01,114729.338,deepstate-archive
2025-09-02,114741.736,deepstate-archive
2025-09-03,114752.061,deepstate-archive
2025-09-04,114753.371,deepstate-archive
2025-09-05,114781.445,deepstate-archive
2025-09-06,114787.744,deepstate-archive
2025-09-07,114800.959,deepstate-archive
2025-09-08,114805.714,deepstate-archive
2025-09-09,114805.714,deepstate-archive
2025-09-10,114805.714,deepstate-archive
2025-09-11,114805.714,deepstate-archive
2025-09-12,114811.437,deepstate-archive
2025-09-13,114826.277,deepstate-archive
2025-09-14,114829.274,deepstate-archive
2025-09-15,114834.903,deepstate-archive
2025-09-16,114858.689,deepstate-archive
2025-09-17,114858.689,deepstate-archive
2025-09-18,114881.294,deepstate-archive
2025-09-19,114881.294,deepstate-archive
2025-09-20,114894.203,deepstate-archive
2025-09-21,114911.300,deepstate-archive
2025-09-22,114911.300,deepstate-archive
2025-09-23,114913.124,deepstate-archive
2025-09-24,114921.896,deepstate-archive
2025-09-25,114928.942,deepstate-archive
2025-09-26,114936.771,deepstate-archive
2025-09-27,114964.724,deepstate-archive
2025-09-28,114964.724,deepstate-archive
2025-09-29,114976.804,deepstate-archive
2025-09-30,114993.265,deepstate-archive
2025-10-01,114993.265,deepstate-archive
2025-10-02,115000.171,deepstate-archive
2025-10-03,115030.528,deepstate-archive
2025-10-04,115030.528,deepstate-archive
2025-10-05,115030.334,deepstate-archive
2025-10-06,115040.483,deepstate-archive
2025-10-07,115053.163,deepstate-archive
2025-10-08,115078.432,deepstate-archive
2025-10-09,115078.432,deepstate-archive
2025-10-10,115092.881,deepstate-archive
2025-10-11,115097.254,deepstate-archive
2025-10-12,115096.559,deepstate-archive
2025-10-13,115101.059,deepstate-archive
2025-10-14,115113.048,deepstate-archive
2025-10-15,115129.194,deepstate-archive
2025-10-16,115125.447,deepstate-archive
2025-10-17,115125.447,deepstate-archive
2025-10-18,115131.979,deepstate-archive
2025-10-19,115139.335,deepstate-archive
2025-10-20,115143.603,deepstate-archive
2025-10-21,115175.507,deepstate-archive
2025-10-22,115175.507,deepstate-archive
2025-10-23,115184.397,deepstate-archive
2025-10-24,115198.870,deepstate-archive
2025-10-25,115208.789,deepstate-archive
2025-10-26,115216.808,deepstate-archive
2025-10-27,115207.613,deepstate-archive
2025-10-28,115223.463,deepstate-archive
2025-10-29,115224.461,deepstate-archive
2025-10-30,115230.850,deepstate-archive
2025-10-31,115248.128,deepstate-archive
2025-11-01,115253.711,deepstate-archive
2025-11-02,115267.345,deepstate-archive
2025-11-03,115286.791,deepstate-archive
2025-11-04,115333.696,deepstate-archive
2025-11-05,115346.576,deepstate-archive
2025-11-06,115352.652,deepstate-archive
2025-11-07,115367.194,deepstate-archive
2025-11-08,115376.657,deepstate-archive
2025-11-09,115394.579,deepstate-archive
2025-11-10,115426.052,deepstate-archive
2025-11-11,115466.139,deepstate-archive
2025-11-12,115483.539,deepstate-archive
2025-11-13,115501.761,deepstate-archive
2025-11-14,115528.624,deepstate-archive
2025-11-15,115532.177,deepstate-archive
2025-11-16,115545.162,deepstate-archive
2025-11-17,115557.938,deepstate-archive
2025-11-18,115567.672,deepstate-archive
2025-11-19,115592.098,deepstate-archive
2025-11-20,115604.069,deepstate-archive
2025-11-21,115649.652,deepstate-archive
2025-11-22,115653.744,deepstate-archive
2025-11-23,115666.055,deepstate-archive
2025-11-24,115681.869,deepstate-archive
2025-11-25,115695.713,deepstate-archive
2025-11-27,115695.713,deepstate-archive
2025-11-28,115728.550,deepstate-archive
2025-11-29,115741.476,deepstate-archive
2025-11-30,115741.476,deepstate-archive
2025-12-01,115736.617,deepstate-archive
2025-12-02,115773.114,deepstate-archive
2025-12-03,115786.334,deepstate-archive
2025-12-04,115802.104,deepstate-archive
2025-12-05,115815.169,deepstate-archive
2025-12-06,115843.395,deepstate-archive
2025-12-07,115843.395,deepstate-archive
2025-12-08,115865.693,deepstate-archive
2025-12-09,115907.801,deepstate-archive
2025-12-10,115907.801,deepstate-archive
2025-12-11,115914.963,deepstate-archive
2025-12-12,115936.805,deepstate-archive
2025-12-13,115924.381,deepstate-archive
2025-12-14,115937.407,deepstate-archive
2025-12-15,115948.464,deepstate-archive
2025-12-16,115973.890,deepstate-archive
2025-12-17,116018.783,deepstate-archive
2025-12-18,116034.108,deepstate-archive
2025-12-19,116052.348,deepstate-archive
2025-12-20,116068.943,deepstate-archive
2025-12-21,116084.399,deepstate-archive
2025-12-22,116102.248,deepstate-archive
2025-12-23,116102.248,deepstate-archive
2025-12-24,116121.974,deepstate-archive
2025-12-25,116140.828,deepstate-archive
2025-12-26,116140.828,deepstate-archive
2025-12-27,116147.352,deepstate-archive
2025-12-28,116170.854,deepstate-archive
2025-12-29,116170.854,deepstate-archive
2025-12-30,116197.852,deepstate-archive
2025-12-31,116203.009,deepstate-archive
2026-01-01,116218.648,deepstate-archive
2026-01-02,116218.648,deepstate-archive
2026-01-03,116226.540,deepstate-archive
2026-01-04,116226.540,deepstate-archive
2026-01-05,116245.701,deepstate-archive
2026-01-06,116245.701,deepstate-archive
2026-01-07,116259.557,deepstate-archive
2026-01-08,116267.145,deepstate-archive
2026-01-09,116270.120,deepstate-archive
2026-01-10,116270.120,deepstate-archive
2026-01-11,116281.167,deepstate-archive
2026-01-12,116288.324,deepstate-archive
2026-01-13,116288.324,deepstate-archive
2026-01-14,116303.866,deepstate-archive
2026-01-15,116310.113,deepstate-archive
2026-01-16,116334.930,deepstate-archive
2026-01-17,116337.901,deepstate-archive
2026-01-18,116351.254,deepstate-archive
2026-01-19,116351.254,deepstate-archive
2026-01-20,116355.084,deepstate-archive
2026-01-21,116363.048,deepstate-archive
2026-01-22,116367.950,deepstate-archive
2026-01-23,116373.803,deepstate-archive
2026-01-24,116373.803,deepstate-archive
2026-01-25,116377.102,deepstate-archive
2026-01-26,116379.415,deepstate-archive
2026-01-27,116381.699,deepstate-archive
2026-01-28,116391.686,deepstate-archive
2026-01-29,116398.643,deepstate-archive
2026-01-30,116430.620,deepstate-archive
2026-01-31,116430.620,deepstate-archive
2026-02-01,116449.944,deepstate-archive
2026-02-02,116463.599,deepstate-archive
2026-02-03,116472.066,deepstate-archive
2026-02-04,116475.218,deepstate-archive
2026-02-05,116481.854,deepstate-archive
2026-02-06,116509.509,deepstate-archive
2026-02-07,116509.509,deepstate-archive
2026-02-08,116514.999,deepstate-archive
2026-02-09,116532.663,deepstate-archive
2026-02-10,116544.955,deepstate-archive
2026-02-11,116549.414,deepstate-archive
2026-02-12,116549.414,deepstate-archive
2026-02-13,116561.130,deepstate-archive
2026-02-14,116561.130,deepstate-archive
2026-02-15,116548.505,deepstate-archive
2026-02-16,116554.610,deepstate-archive
2026-02-17,116573.361,deepstate-archive
2026-02-18,116573.361,deepstate-archive
2026-02-19,116577.340,deepstate-archive
2026-02-20,116577.340,deepstate-archive
2026-02-21,116579.444,deepstate-archive
2026-02-22,116570.477,deepstate-archive
2026-02-23,116570.477,deepstate-archive
2026-02-24,116575.094,deepstate-archive
2026-02-25,116576.938,deepstate-archive
2026-02-26,116580.197,deepstate-archive
2026-02-27,116585.759,deepstate-archive
2026-02-28,116585.588,deepstate-archive
2026-03-01,116588.452,deepstate-archive
2026-03-02,116589.788,deepstate-archive
2026-03-03,116558.875,deepstate-archive
2026-03-04,116562.740,deepstate-archive
2026-03-05,116570.990,deepstate-archive
2026-03-06,116576.041,deepstate-archive
2026-03-07,116585.290,deepstate-archive
2026-03-08,116600.229,deepstate-archive
2026-03-09,116602.313,deepstate-archive
2026-03-10,116605.851,deepstate-archive
2026-03-11,116613.842,deepstate-archive
2026-03-12,116615.652,deepstate-archive
2026-03-13,116617.528,deepstate-archive
2026-03-14,116621.992,deepstate-archive
2026-03-15,116631.026,deepstate-archive
2026-03-16,116640.291,deepstate-archive
2026-03-17,116640.291,deepstate-archive
2026-03-18,116645.570,deepstate-archive
2026-03-19,116640.706,deepstate-archive
2026-03-20,116648.905,deepstate-archive
2026-03-21,116650.505,deepstate-archive
2026-03-22,116658.795,deepstate-archive
2026-03-23,116673.052,deepstate-archive
2026-03-24,116687.118,deepstate-archive
2026-03-25,116698.153,deepstate-archive
2026-03-26,116698.153,deepstate-archive
2026-03-27,116705.948,deepstate-archive
2026-03-28,116707.032,deepstate-archive
2026-03-29,116715.088,deepstate-archive
2026-03-30,116726.571,deepstate-archive
2026-03-31,116743.207,deepstate-archive
2026-04-01,116743.207,deepstate-archive
2026-04-02,116750.197,deepstate-archive
2026-04-03,116752.454,deepstate-archive
2026-04-04,116758.049,deepstate-archive
2026-04-05,116751.044,deepstate-archive
2026-04-06,116747.487,deepstate-archive
2026-04-07,116747.487,deepstate-archive
2026-04-08,116749.602,deepstate-archive
2026-04-09,116771.116,deepstate-archive
2026-04-10,116774.898,deepstate-archive
2026-04-11,116774.898,deepstate-archive
2026-04-12,116780.137,deepstate-archive
2026-04-13,116790.329,deepstate-archive
2026-04-14,116810.682,deepstate-archive
2026-04-15,116810.682,deepstate-archive
2026-04-16,116824.410,deepstate-archive
2026-04-17,116835.852,deepstate-archive
2026-04-18,116836.745,deepstate-archive
2026-04-19,116836.745,deepstate-archive
2026-04-20,116846.385,deepstate-archive
2026-04-21,116846.385,deepstate-archive
2026-04-22,116846.385,deepstate-archive
2026-04-23,116851.456,deepstate-archive
2026-04-24,116863.612,deepstate-archive
2026-04-25,116867.066,deepstate-archive
2026-04-26,116870.768,deepstate-archive
2026-04-27,116870.768,deepstate-archive
2026-04-28,116877.674,deepstate-archive
2026-04-29,116880.525,deepstate-archive
2026-04-30,116883.044,deepstate-archive
2026-05-01,116885.182,deepstate-archive
2026-05-02,116891.170,deepstate-archive
2026-05-03,116893.983,deepstate-archive
2026-05-04,116895.907,deepstate-archive
2026-05-05,116897.907,deepstate-archive
2026-05-06,116901.493,deepstate-archive
2026-05-07,116901.493,deepstate-archive
2026-05-08,116905.896,deepstate-archive
2026-05-09,116909.735,deepstate-archive
2026-05-10,116909.735,deepstate-archive
2026-05-11,116912.760,deepstate-archive
2026-05-12,116923.905,deepstate-archive
2026-05-13,116923.905,deepstate-archive
2026-05-14,116927.996,deepstate-archive
2026-05-15,116928.475,deepstate-archive
2026-05-16,116908.761,deepstate-archive
2026-05-17,116909.387,deepstate-archive
2026-05-18,116913.282,deepstate-archive
2026-05-19,116913.282,deepstate-archive
2026-05-20,116916.042,deepstate-archive
2026-05-21,116916.042,deepstate-archive
2026-05-22,116919.296,deepstate-archive
2026-05-23,116919.296,deepstate-archive
2026-05-24,116922.113,deepstate-archive
2026-05-25,116925.110,deepstate-archive
2026-05-26,116926.924,deepstate-archive
2026-05-27,116933.786,deepstate-archive
2026-05-28,116936.529,deepstate-archive
2026-05-29,116939.755,deepstate-archive
2026-05-30,116893.336,deepstate-archive
2026-05-31,116893.336,deepstate-archive
2026-06-01,116905.387,deepstate-archive
2026-06-02,116905.387,deepstate-archive
2026-06-03,116907.858,deepstate-archive
2026-06-04,116909.692,deepstate-archive
2026-06-05,116910.837,deepstate-archive
2026-06-06,116910.990,deepstate-archive
2026-06-07,116912.455,deepstate-archive
2026-06-08,116914.452,deepstate-archive
2026-06-09,116919.979,deepstate-archive
2026-06-10,116925.362,deepstate-archive
2026-06-11,116925.362,deepstate-archive
2026-06-12,116926.268,deepstate-archive
2026-06-13,116929.104,deepstate-archive
2026-06-14,116935.989,deepstate-archive
2026-06-15,116935.989,deepstate-archive
2026-06-16,116937.153,deepstate-archive
2026-06-17,116941.899,deepstate-archive
2026-06-18,116946.145,deepstate-archive
2026-06-19,116950.186,deepstate-archive
2026-06-20,116957.750,deepstate-archive
2026-06-21,116957.750,deepstate-archive
2026-06-22,116958.548,deepstate-archive
2026-06-23,116963.475,deepstate-archive
2026-06-24,116967.710,deepstate-archive
2026-06-25,116968.740,deepstate-archive
2026-06-26,116971.102,deepstate-archive
2026-06-27,116968.594,deepstate-archive
2026-06-28,116972.526,deepstate-archive
2026-06-29,116972.526,deepstate-archive
2026-06-30,116977.818,deepstate-archive
2026-07-01,116977.818,deepstate-archive
2026-07-02,116991.504,deepstate-archive
2026-07-03,116989.631,deepstate-archive
2026-07-04,116991.633,deepstate-archive
2026-07-05,116992.564,deepstate-archive
2026-07-06,116992.564,deepstate-archive
2026-07-07,116992.564,deepstate-archive
2026-07-08,116998.595,deepstate-archive
2026-07-10,117008.418,deepstate-archive
2026-07-11,117013.164,deepstate-archive
2026-07-12,117016.279,deepstate-archive
2026-07-13,117020.787,deepstate-archive
2026-07-14,117025.860,deepstate-archive
2026-07-15,116982.459,deepstate-archive
2026-07-16,116983.288,deepstate-archive
2026-07-17,116990.596,deepstate-archive
2026-07-18,116990.596,deepstate-archive
2026-07-19,116996.815,deepstate-archive
2026-07-20,116999.797,deepstate-archive
2026-07-21,117001.862,deepstate-archive
2026-07-22,117001.862,deepstate-archive
2026-07-23,117008.189,deepstate-archive
2026-07-24,117001.494,deepstate-archive
2026-07-25,117001.494,deepstate-archive
2026-07-26,117006.958,deepstate-archive
2026-07-27,117006.958,deepstate-archive
2026-07-28,117009.573,deepstate-archive
2026-07-29,117016.514,deepstate-archive
2026-07-30,117016.514,deepstate-archive
2026-07-31,117018.028,deepstate-archive
2026-08-01,117020.407,deepstate-archive
2026-08-02,117025.184,deepstate-archive
2026-08-03,117029.624,deepstate-archive
2026-08-04,117030.606,deepstate-archive
2026-08-05,117038.872,deepstate-archive
2026-08-06,117044.412,deepstate-archive
2026-08-07,117044.412,deepstate-archive
2026-08-08,117047.496,deepstate-archive
2026-08-09,117053.783,deepstate-archive
2026-08-10,117056.134,deepstate-archive
2026-08-11,117060.688,deepstate-archive
2026-08-12,117065.690,deepstate-archive
2026-08-13,116949.856,deepstate-archive
2026-08-14,116952.261,deepstate-archive
2026-08-15,116956.307,deepstate-archive
2026-08-16,116961.546,deepstate-archive
2026-08-17,116961.546,deepstate-archive
2026-08-18,116969.095,deepstate-archive
2026-08-19,116975.609,deepstate-archive
2026-08-20,116988.131,deepstate-archive
2026-08-21,116989.322,deepstate-archive
2026-08-22,116994.890,deepstate-archive
2026-08-23,116999.619,deepstate-archive
2026-08-24,117006.484,deepstate-archive
2026-08-25,117006.484,deepstate-archive
2026-08-26,117006.620,deepstate-archive
2026-08-27,117010.096,deepstate-archive
2026-08-28,117014.995,deepstate-archive
2026-08-29,117014.995,deepstate-archive
2026-08-30,117029.303,deepstate-archive
2026-08-31,117026.971,deepstate-archive
2026-09-01,117030.227,deepstate-archive
2026-09-02,117051.836,deepstate-archive
2026-09-03,117051.836,deepstate-archive
2026-09-04,117070.948,deepstate-archive
2026-09-05,117070.948,deepstate-archive
2026-09-06,117070.948,deepstate-archive
2026-09-07,117074.357,deepstate-archive
2026-09-08,117080.912,deepstate-archive
2026-09-09,117095.436,deepstate-daily
2026-09-10,117108.647,deepstate-daily
2026-09-11,117108.647,deepstate-daily
2026-09-12,117112.583,deepstate-daily
2026-09-13,117116.040,deepstate-daily
2026-09-14,117117.326,deepstate-daily
2026-09-15,117119.203,deepstate-daily
2026-09-16,117119.203,deepstate-daily
2026-09-17,117119.203,deepstate-daily
2026-09-18,117123.247,deepstate-daily
2026-09-19,117128.090,deepstate-daily
2026-09-20,117102.538,deepstate-daily
2026-09-21,117102.538,deepstate-daily
2026-09-22,117102.538,deepstate-daily
2026-09-23,117103.073,deepstate-daily
2026-09-24,117103.073,deepstate-daily
2026-09-25,117108.951,deepstate-daily
